{
    "accuracy": 98.7,
    "classification_report": {
        "0": {
            "precision": 0.9792626728110599,
            "recall": 1.0,
            "f1-score": 0.989522700814901,
            "support": 425.0
        },
        "1": {
            "precision": 0.9927140255009107,
            "recall": 1.0,
            "f1-score": 0.9963436928702011,
            "support": 545.0
        },
        "2": {
            "precision": 0.0,
            "recall": 0.0,
            "f1-score": 0.0,
            "support": 4.0
        },
        "3": {
            "precision": 1.0,
            "recall": 0.8888888888888888,
            "f1-score": 0.9411764705882353,
            "support": 18.0
        },
        "4": {
            "precision": 1.0,
            "recall": 0.125,
            "f1-score": 0.2222222222222222,
            "support": 8.0
        },
        "accuracy": 0.987,
        "macro avg": {
            "precision": 0.7943953396623942,
            "recall": 0.6027777777777777,
            "f1-score": 0.6298530172991119,
            "support": 1000.0
        },
        "weighted avg": {
            "precision": 0.9832157798426967,
            "recall": 0.987,
            "f1-score": 0.9822734147089587,
            "support": 1000.0
        }
    },
    "confusion_matrix": [
        [
            425,
            0,
            0,
            0,
            0
        ],
        [
            0,
            545,
            0,
            0,
            0
        ],
        [
            0,
            4,
            0,
            0,
            0
        ],
        [
            2,
            0,
            0,
            16,
            0
        ],
        [
            7,
            0,
            0,
            0,
            1
        ]
    ],
    "training_date": "2025-12-05 11:09:31",
    "dataset_size": 5000,
    "training_samples": 4000,
    "test_samples": 1000,
    "feature_count": 41,
    "model_parameters": {
        "n_estimators": 100,
        "max_depth": 20,
        "n_features": 41
    }
}